,mean_fit_time,std_fit_time,mean_score_time,std_score_time,param_max_depth,param_n_estimators,params,split0_test_AUC,split1_test_AUC,split2_test_AUC,mean_test_AUC,std_test_AUC,rank_test_AUC,split0_train_AUC,split1_train_AUC,split2_train_AUC,mean_train_AUC,std_train_AUC,split0_test_Accuracy,split1_test_Accuracy,split2_test_Accuracy,mean_test_Accuracy,std_test_Accuracy,rank_test_Accuracy,split0_train_Accuracy,split1_train_Accuracy,split2_train_Accuracy,mean_train_Accuracy,std_train_Accuracy
52,7.659097353617351,0.05399556008261495,0.9657301902770996,0.026063828638132534,15,600,"{'max_depth': 15, 'n_estimators': 600}",0.8146868718535046,0.8067941462299204,0.7935819489085958,0.8050209889973403,0.008706798418715625,1,0.9991614157183611,0.9985808672833723,0.9991625584082663,0.9989682804699999,0.00027394288859151303,0.7354776764282285,0.7292366778684589,0.7253960633701392,0.7300368058889423,0.004154506316449728,10,0.985357657225156,0.9791166586653864,0.9841574651944311,0.9828772603616578,0.002703911865693048
51,6.500475645065308,0.0443934525765704,0.7770013014475504,0.006149574461716866,15,500,"{'max_depth': 15, 'n_estimators': 500}",0.8146771903295407,0.806642011643367,0.793565813422143,0.8049616717983502,0.00870019981485535,2,0.99914136161377,0.9985645010975716,0.9991360497974627,0.9989473041696014,0.00027069133444417145,0.7359577532405185,0.7311569851176188,0.7273163706192991,0.7314770363258122,0.003535081138482076,2,0.9848775804128661,0.9783965434469515,0.9843975036005761,0.9825572091534646,0.002948555892572963
54,13.02296773592631,0.06860051424843022,1.6305156548817952,0.030871171366311827,15,1000,"{'max_depth': 15, 'n_estimators': 1000}",0.8143157467682152,0.8068190409804474,0.7934201330301704,0.804851640259611,0.008643289017870127,3,0.9991775512048137,0.9987011933254545,0.9992114264560086,0.9990300569954256,0.0002329525963667583,0.7335573691790687,0.7316370619299087,0.7229956793086894,0.7293967034725556,0.004593599006051325,21,0.985117618819011,0.9786365818530965,0.985117618819011,0.9829572731637062,0.003055190125145892
50,5.362413962682088,0.29395643217333245,0.6536494096120199,0.01603066501038013,15,400,"{'max_depth': 15, 'n_estimators': 400}",0.8145527135928597,0.8064211859859152,0.7934210550579679,0.8047983182122476,0.008702950571192256,4,0.999115775342395,0.9986020741720151,0.9990899478656303,0.9989359324600136,0.0002363088120629829,0.7364378300528085,0.727796447431589,0.7249159865578493,0.7297167546807489,0.004895842067779939,15,0.985357657225156,0.9805568891022564,0.9841574651944311,0.9833573371739478,0.002039934194908299
55,15.644419034322103,0.06562935640725721,2.058420260747274,0.0405402901854471,15,1200,"{'max_depth': 15, 'n_estimators': 1200}",0.8142558135246281,0.806657686115921,0.7933915501684545,0.8047683499363346,0.008621931908358754,5,0.999193456184317,0.9987698852038848,0.9992208773520342,0.9990614062467453,0.00020644025597837924,0.7330772923667787,0.7297167546807489,0.7244359097455593,0.7290766522643622,0.0035567468028313096,24,0.985117618819011,0.9791166586653864,0.985357657225156,0.9831973115698512,0.002887120907772245
53,10.406225522359213,0.06367616096000919,1.296822468439738,0.05113447882795928,15,800,"{'max_depth': 15, 'n_estimators': 800}",0.8138883766389438,0.8069785517893794,0.793427509252549,0.8047648125602906,0.008498519658611633,6,0.9992008324066952,0.9986689219731718,0.9991874534514558,0.9990190692771076,0.0002476517715811872,0.7340374459913587,0.7316370619299087,0.7229956793086894,0.7295567290766524,0.004741729041455957,18,0.985837734037446,0.9791166586653864,0.9843975036005761,0.9831172987678028,0.002889337507644086
49,4.3935277462005615,0.06357550428933438,0.4819489320119222,0.015793198046039604,15,300,"{'max_depth': 15, 'n_estimators': 300}",0.8140649491950505,0.8064013623882733,0.7935100307404066,0.8046587807745768,0.008481494018530758,7,0.9990874229876282,0.9985598909043885,0.9990537578491421,0.9989003572470528,0.00024113804241941987,0.7359577532405185,0.728276524243879,0.7249159865578493,0.7297167546807489,0.004621388727218318,15,0.985357657225156,0.9795967354776765,0.9834373499759962,0.9827972475596095,0.0023950439345648378
48,3.02688201268514,0.49891442467321995,0.3139809767405192,0.008896495301640266,15,200,"{'max_depth': 15, 'n_estimators': 200}",0.8132185073856197,0.807011744790082,0.7934851359898799,0.8045717960551939,0.008238790325131163,8,0.9990523859313312,0.9984782904850453,0.9989414996451303,0.998824058687169,0.00024865059731371737,0.7407585213634181,0.728756601056169,0.7249159865578493,0.7314770363258122,0.006747693596513989,2,0.9848775804128661,0.9769563130100816,0.9841574651944311,0.9819971195391263,0.003576491700852499
66,8.255192518234253,0.0754712736557191,1.1016747156778972,0.04974385021086828,25,600,"{'max_depth': 25, 'n_estimators': 600}",0.8140649491950505,0.806996070317528,0.7922569949638842,0.8044393381588208,0.009084762937126659,9,0.9999866305969393,0.9999989627065337,0.9999905491039743,0.9999920474691492,5.144839188267915e-06,0.7383581373019683,0.7239558329332694,0.727796447431589,0.7300368058889423,0.006089389531265934,10,0.9983197311569851,0.999279884781565,0.9983197311569851,0.9986397823651784,0.00045262075928086316
67,11.134361426035563,0.03053075255592357,1.5733877023061116,0.03438996661472218,25,800,"{'max_depth': 25, 'n_estimators': 800}",0.8138127685470338,0.8070477038741765,0.792080887654601,0.804313786691937,0.009080175811448744,10,0.9999875526247366,0.9999989627065338,0.9999889355363603,0.9999918169558768,5.084251860898867e-06,0.7383581373019683,0.7253960633701392,0.727796447431589,0.7305168827012322,0.005630536753323489,6,0.9983197311569851,0.999279884781565,0.9983197311569851,0.9986397823651784,0.00045262075928086316
68,14.255443096160889,0.18430838043624456,2.1537115573883057,0.03710908460748121,25,1000,"{'max_depth': 25, 'n_estimators': 1000}",0.8139824257288805,0.8069873110534537,0.7918185707462709,0.8042627691762018,0.00925117878086215,11,0.9999866305969392,0.9999989627065338,0.9999891660460194,0.9999915864498309,5.317518075254774e-06,0.7369179068650984,0.7239558329332694,0.7297167546807489,0.7301968314930388,0.005302621707723092,8,0.9983197311569851,0.999279884781565,0.9983197311569851,0.9986397823651784,0.00045262075928086316
80,8.193283240000406,0.03870647896408801,1.0723172028859456,0.0420005169871752,30,600,"{'max_depth': 30, 'n_estimators': 600}",0.8140760137938665,0.8066475438101507,0.7918370113022168,0.8041868563020781,0.009244261110375048,12,0.9999877831316859,0.9999989627065338,0.9999912406329518,0.9999926621570571,4.673419271539932e-06,0.7369179068650984,0.7244359097455593,0.728276524243879,0.7298767802848456,0.005219877238054116,13,0.9983197311569851,0.999279884781565,0.9983197311569851,0.9986397823651784,0.00045262075928086316
69,17.32546313603719,0.27170638933595626,2.6871817906697593,0.026255129274906586,25,1200,"{'max_depth': 25, 'n_estimators': 1200}",0.8139907241779926,0.8067766277017718,0.7917646321201292,0.8041773279999646,0.00925804375470385,13,0.9999875526247366,0.9999989627065338,0.9999880134977237,0.9999915096096647,5.273492876797445e-06,0.7402784445511282,0.7244359097455593,0.7301968314930389,0.7316370619299087,0.006547374794520362,1,0.9983197311569851,0.999279884781565,0.9983197311569851,0.9986397823651784,0.00045262075928086316
81,11.15080197652181,0.04133546598219674,1.5329203605651855,0.004196854859202625,30,800,"{'max_depth': 30, 'n_estimators': 800}",0.813637579065779,0.8067199229922384,0.7917360492584131,0.8040311837721434,0.009141161156038176,14,0.9999880136386352,0.9999989627065338,0.9999889355363603,0.9999919706271765,4.958450978449816e-06,0.7359577532405185,0.7249159865578493,0.7292366778684589,0.7300368058889423,0.004543149165171507,10,0.9983197311569851,0.999279884781565,0.9983197311569851,0.9986397823651784,0.00045262075928086316
82,14.143227577209473,0.08844756013830332,2.0767547289530435,0.04769247704696376,30,1000,"{'max_depth': 30, 'n_estimators': 1000}",0.8139547642318402,0.8067060925752789,0.7913262079025158,0.803995688236545,0.009434779953163447,15,0.9999882441455845,0.9999989627065338,0.9999898575749969,0.9999923548090384,4.718687712994904e-06,0.7359577532405185,0.7249159865578493,0.7316370619299087,0.7308369339094255,0.0045431491651715,5,0.9983197311569851,0.999279884781565,0.9983197311569851,0.9986397823651784,0.00045262075928086316
83,16.321596304575603,0.8654314583996428,2.278176784515381,0.17812181744066372,30,1200,"{'max_depth': 30, 'n_estimators': 1200}",0.8138750069153743,0.8065899170728199,0.791378302473063,0.8039477421537523,0.00937234385193621,16,0.9999889356664324,0.9999989627065338,0.9999877829880645,0.9999918937870103,5.020583251496338e-06,0.7369179068650984,0.7234757561209794,0.7306769083053288,0.7303568570971356,0.005492399520477029,7,0.9983197311569851,0.999279884781565,0.9983197311569851,0.9986397823651784,0.00045262075928086316
65,6.825322310129802,0.07444405791690145,0.8633890946706136,0.03939051092533904,25,500,"{'max_depth': 25, 'n_estimators': 500}",0.8131696387408487,0.8068706745370959,0.7911528666766245,0.8037310599848565,0.009258417708027504,17,0.99998294248575,0.9999989627065338,0.9999891660460194,0.9999903570794344,6.594229241622682e-06,0.7373979836773884,0.7249159865578493,0.7268362938070091,0.7297167546807489,0.005487735061444158,15,0.9983197311569851,0.999279884781565,0.9983197311569851,0.9986397823651784,0.00045262075928086316
79,6.780483643213908,0.0752873552255674,0.8903917471567789,0.009528780651637137,30,500,"{'max_depth': 30, 'n_estimators': 500}",0.8129847677356299,0.8064691314313744,0.7908624279204769,0.8034387756958271,0.009282125174665892,18,0.9999838645135474,0.9999989627065339,0.9999903185943152,0.9999910486047988,6.1853883922297335e-06,0.7354776764282285,0.7273163706192991,0.7258761401824292,0.7295567290766524,0.004227826792646133,18,0.9983197311569851,0.999279884781565,0.9983197311569851,0.9986397823651784,0.00045262075928086316
64,5.405706564585368,0.10275041688242781,0.7049683729807535,0.02878752331398491,25,400,"{'max_depth': 25, 'n_estimators': 400}",0.813409832740148,0.8060814187426122,0.7905221996632754,0.8033378170486785,0.009543110941288301,19,0.9999707256174359,0.9999989627065338,0.999988474517042,0.9999860542803373,1.1654082531025219e-05,0.7407585213634181,0.7220355256841094,0.727796447431589,0.7301968314930388,0.007829815857081179,8,0.9983197311569851,0.999279884781565,0.9983197311569851,0.9986397823651784,0.00045262075928086316
78,5.440906524658203,0.05522642942628645,0.6799989541371664,0.012727898756851347,30,400,"{'max_depth': 30, 'n_estimators': 400}",0.8129796964611724,0.806066205283957,0.7903193535478708,0.8031217517643334,0.009482444837137135,20,0.9999718781521826,0.9999989627065338,0.9999896270653378,0.9999868226413513,1.1233635995593539e-05,0.7378780604896783,0.7244359097455593,0.7258761401824292,0.7293967034725556,0.0060259786793927595,21,0.9983197311569851,0.999279884781565,0.9983197311569851,0.9986397823651784,0.00045262075928086316
77,4.119196494420369,0.01829010535428786,0.49504868189493817,0.014895151241558314,30,300,"{'max_depth': 30, 'n_estimators': 300}",0.8127939034060523,0.8057517938050797,0.7904968438988498,0.8030141803699941,0.009306292178123501,21,0.9999769493050676,0.9999987321968745,0.9999900880846562,0.9999885898621995,8.955709417829516e-06,0.7373979836773884,0.7234757561209794,0.7258761401824292,0.7289166266602657,0.006076760296382638,25,0.9983197311569851,0.999279884781565,0.9983197311569851,0.9986397823651784,0.00045262075928086316
63,4.07883636156718,0.03527618277882629,0.5276670455932617,0.023793820009513203,25,300,"{'max_depth': 25, 'n_estimators': 300}",0.8129806185110737,0.8053756064637836,0.7905415622470187,0.8029659290739586,0.009317822361747847,22,0.9999744137286251,0.9999987321968746,0.9999898575749968,0.9999876678334988,1.0047991519779926e-05,0.7402784445511282,0.7210753720595295,0.7273163706192991,0.7295567290766524,0.007998079052392273,18,0.9983197311569851,0.999279884781565,0.9983197311569851,0.9986397823651784,0.00045262075928086316
76,2.768734931945801,0.017638444091077825,0.35020025571187335,0.008630515881127197,30,200,"{'max_depth': 30, 'n_estimators': 200}",0.8117436885684253,0.8056125676076884,0.7905609248307617,0.8026390603356252,0.008899763255809255,23,0.9999774103189663,0.9999973491389197,0.9999882440073827,0.9999876678217562,8.15017904470102e-06,0.7369179068650984,0.7229956793086894,0.7297167546807489,0.7298767802848456,0.005684851870165347,13,0.9983197311569851,0.999279884781565,0.9983197311569851,0.9986397823651784,0.00045262075928086316
62,2.694685935974121,0.03902313152862936,0.32544668515523273,0.015070834951164121,25,200,"{'max_depth': 25, 'n_estimators': 200}",0.8121360208014458,0.8053092204623785,0.7902672589773236,0.802570833413716,0.009135453232735905,24,0.9999757967703211,0.9999973491389196,0.9999877829880645,0.9999869762991017,8.817188076440375e-06,0.7397983677388382,0.7244359097455593,0.728756601056169,0.7309969595135222,0.0064686775264547166,4,0.9983197311569851,0.999279884781565,0.9983197311569851,0.9986397823651784,0.00045262075928086316
47,2.2177950541178384,0.4371223132711095,0.4031515916188558,0.23433895104277275,15,100,"{'max_depth': 15, 'n_estimators': 100}",0.8102255334058679,0.8062847258719155,0.7908057232109433,0.8024386608295755,0.00838158374987113,25,0.9986962526946264,0.9983372185736384,0.9986699592666383,0.998567810178301,0.00016340583872573127,0.7325972155544888,0.7229956793086894,0.7258761401824292,0.7271563450152024,0.004022981305801449,33,0.9817570811329813,0.9781565050408065,0.9807969275084013,0.9802368378940631,0.0015223473828164951
46,0.9813238779703776,0.01464363122715571,0.17967438697814941,0.07867594672624227,15,75,"{'max_depth': 15, 'n_estimators': 75}",0.8114933520202113,0.8065401275717661,0.7889519863244838,0.8023284886388203,0.009672356442744723,26,0.9984316307168029,0.9981576515491517,0.9986063386007095,0.9983985402888881,0.0001846641092607332,0.7335573691790687,0.7234757561209794,0.7258761401824292,0.7276364218274924,0.00429989721316832,30,0.9803168506961114,0.9759961593855017,0.9793566970715314,0.9785565690510482,0.001852430293293374
61,1.348559300104777,0.03153498471526747,0.17161051432291666,0.007228867706560119,25,100,"{'max_depth': 25, 'n_estimators': 100}",0.8113638040090729,0.8029728020240355,0.7887260895141466,0.8010208985157515,0.009344302180747645,27,0.9999700340965879,0.9999975796485787,0.9999813287176078,0.9999829808209247,1.1305940699386403e-05,0.7407585213634181,0.7244359097455593,0.7215554488718194,0.7289166266602655,0.008455653585292319,27,0.9983197311569851,0.999279884781565,0.9983197311569851,0.9986397823651784,0.00045262075928086316
60,1.001324971516927,0.017248832864149605,0.13100337982177734,0.010803210822658942,25,75,"{'max_depth': 25, 'n_estimators': 75}",0.8114431003005882,0.8034596327010066,0.7876422458384277,0.8008483262800076,0.00989054630107289,28,0.9999559731726793,0.999996657609942,0.99996427100283,0.9999723005951505,1.7552998290351823e-05,0.7373979836773884,0.7220355256841094,0.7244359097455593,0.7279564730356857,0.006747693596514022,29,0.9980796927508402,0.999279884781565,0.9983197311569851,0.9985597695631302,0.0005185422226282268
75,1.3512596289316814,0.02668711122093925,0.17525092760721842,0.0064192497381701545,30,100,"{'max_depth': 30, 'n_estimators': 100}",0.8109341287550483,0.8024075989842943,0.7890856803550913,0.8008091360314781,0.008990920873490134,29,0.9999732611938784,0.9999975796485788,0.9999815592272671,0.9999841333565748,1.0093443945571671e-05,0.7349975996159386,0.7273163706192991,0.7253960633701392,0.7292366778684589,0.00414833778102602,23,0.9983197311569851,0.999279884781565,0.9983197311569851,0.9986397823651784,0.00045262075928086316
74,1.0142563978830974,0.012004653346488151,0.12241236368815105,0.00907341021209878,30,75,"{'max_depth': 30, 'n_estimators': 75}",0.8099263282128829,0.8022070579383827,0.7876749778252315,0.7999361213254991,0.009224912405846447,30,0.9999624273672603,0.9999975796485788,0.9999626574352158,0.999974221483685,1.6516983849404814e-05,0.7340374459913587,0.7205952952472395,0.7268362938070091,0.7271563450152024,0.005492399520477075,33,0.9980796927508402,0.999279884781565,0.9983197311569851,0.9985597695631302,0.0005185422226282268
45,0.7136739095052084,0.03455193169421308,0.15035136540730795,0.09662794102301087,15,50,"{'max_depth': 15, 'n_estimators': 50}",0.8115754144614306,0.8019364427798771,0.7855238869741444,0.7996785814051507,0.010754657118223003,31,0.9981550223776147,0.9975965910387526,0.9983294965000566,0.998027036638808,0.0003125943759418653,0.7364378300528085,0.7196351416226596,0.728276524243879,0.7281164986397823,0.0068606020516006,28,0.9788766202592415,0.9750360057609218,0.9795967354776765,0.9778364538326132,0.0020019196676583197
59,0.6642565727233887,0.026171515700784794,0.09228030840555827,0.009896323452498955,25,50,"{'max_depth': 25, 'n_estimators': 50}",0.8105519390709426,0.8001569291310994,0.7869064676561868,0.7992051119527429,0.00967665736234262,32,0.99993695634936,0.9999797151499937,0.9999465217590745,0.9999543977528095,1.8323067717924886e-05,0.7397983677388382,0.7172347575612098,0.7297167546807489,0.7289166266602657,0.00922891397362536,25,0.9973595775324052,0.9983197311569851,0.9978396543446951,0.9978396543446952,0.00039198107581742874
73,0.6786633332570394,0.007407848399510361,0.09600154558817546,0.00927473771974081,30,50,"{'max_depth': 30, 'n_estimators': 50}",0.8095971563981044,0.7996170818557838,0.7867889091120318,0.79866771578864,0.009335595250178826,33,0.9999474444155542,0.9999810982079488,0.9999447929366307,0.9999577785200445,1.65250006169025e-05,0.7383581373019683,0.7167546807489198,0.727796447431589,0.7276364218274924,0.008820300066903946,30,0.9975996159385502,0.9985597695631301,0.9975996159385502,0.9979196671467435,0.00045262075928086316
44,0.5997233390808105,0.17822284726128718,0.16141335169474283,0.05173465625827895,15,25,"{'max_depth': 15, 'n_estimators': 25}",0.8080333597654304,0.7992058574581906,0.7831930007025851,0.7968107393087355,0.010281481825922362,34,0.9968619936453845,0.9960680814888526,0.9967150068472894,0.9965483606605089,0.0003448693875934895,0.7378780604896783,0.7177148343734998,0.7263562169947192,0.727316370619299,0.008259553784966475,32,0.972395583293327,0.9654344695151225,0.971915506481037,0.9699151864298289,0.0031744014122063267
58,0.3439328670501709,0.01419673134071795,0.05421678225199381,0.004371201047070547,25,25,"{'max_depth': 25, 'n_estimators': 25}",0.8069070758109429,0.7952028737762387,0.7822165732652507,0.7947755076174774,0.010084384309910332,35,0.9997616558143995,0.9998720671391653,0.9998441754704068,0.9998259661413238,4.687821034963164e-05,0.7364378300528085,0.71483437349976,0.7268362938070091,0.7260361657865259,0.008837702846205211,36,0.9939990398463754,0.9954392702832453,0.9944791166586654,0.994639142262762,0.0005987609836412169
72,0.34965117772420246,0.010252923066848161,0.04800025622049967,0.0008221872526225969,30,25,"{'max_depth': 30, 'n_estimators': 25}",0.8068240913198221,0.7961977417695189,0.7784302661156628,0.7938173664016679,0.011713296364957564,36,0.9997493236926106,0.9998823248189981,0.999860887420696,0.9998308453107683,5.830506657097642e-05,0.7407585213634181,0.7181949111857897,0.7210753720595295,0.7266762682029123,0.01002685242299282,35,0.9932789246279404,0.9951992318771004,0.9949591934709554,0.9944791166586654,0.0008543029486343205
40,11.646047115325928,0.940324329911478,1.7061043580373128,0.12167042929320597,8,1000,"{'max_depth': 8, 'n_estimators': 1000}",0.7903092555369097,0.7816347737251583,0.773305174604404,0.7817497346221574,0.006942362906853364,37,0.8787272973705612,0.8775012891252689,0.8808292723294131,0.8790192862750811,0.0013742418981723403,0.7138742198751801,0.7191550648103696,0.7047527604416707,0.7125940150424067,0.005948993533506497,39,0.8024483917426788,0.7959673547767643,0.7995679308689391,0.7993278924627941,0.002651310853861548
41,15.876245896021524,1.3329840561403126,2.2846924463907876,0.8179945440874258,8,1200,"{'max_depth': 8, 'n_estimators': 1200}",0.7899293709775572,0.7816476821143203,0.7734490109407819,0.7816753546775531,0.00672810726546985,38,0.8785779288673994,0.8773422374604474,0.8809751849436623,0.8789651170905031,0.0015082026596873752,0.7119539126260201,0.7181949111857897,0.7037926068170908,0.7113138102096336,0.005897111785145849,41,0.8029284685549688,0.7959673547767643,0.7988478156505041,0.7992478796607457,0.0028559078728716204
39,12.376343488693237,0.3482407981733795,1.1763635476430256,0.17130396500875966,8,800,"{'max_depth': 8, 'n_estimators': 800}",0.7900851974108839,0.7815895943630908,0.7732286462972285,0.7816344793570678,0.00688173136445726,39,0.8787392837319261,0.8774049360877394,0.8810399581578866,0.879061392659184,0.0015013687051884277,0.7124339894383102,0.7186749879980797,0.7023523763802209,0.7111537846055369,0.006724884426132405,42,0.8029284685549688,0.7964474315890543,0.7988478156505041,0.7994079052648425,0.0026753486153465187
38,7.011010964711507,0.5390591665882836,0.9716748396555582,0.08254242312165823,8,600,"{'max_depth': 8, 'n_estimators': 600}",0.7900953399597986,0.7816080349190367,0.7729584921526215,0.7815539556771522,0.006996193327559892,40,0.8784587567745993,0.8769316997574808,0.8814309025398245,0.8789404530239682,0.0018681059707012378,0.7114738358137302,0.7181949111857897,0.7033125300048008,0.7109937590014402,0.00608518269861787,45,0.8029284685549688,0.7957273163706193,0.799327892462794,0.7993278924627939,0.0029398580686307834
37,5.447698672612508,0.08125689425348964,0.6667807102203369,0.061933293370869676,8,500,"{'max_depth': 8, 'n_estimators': 500}",0.7903189370608737,0.7814005786646456,0.7725601761441904,0.78142656395657,0.007250007068986328,41,0.878366784501819,0.8768777604972371,0.8814447331193742,0.8788964260394767,0.0019017009669673526,0.7124339894383102,0.7177148343734998,0.7018722995679308,0.7106737077932469,0.006586370820053375,46,0.8012481997119539,0.7962073931829092,0.7990878540566491,0.798847815650504,0.002064888446241653
36,4.354384263356526,0.05702687112900467,0.554923931757609,0.020976430634161745,8,400,"{'max_depth': 8, 'n_estimators': 400}",0.790517177789662,0.7816900953929959,0.7717534018215582,0.7813202250014054,0.0076647428843690715,42,0.8786436233479566,0.8770534088575181,0.8815175741716693,0.879071535459048,0.001847435081246721,0.7119539126260201,0.7172347575612098,0.7018722995679308,0.7103536565850536,0.0063729581538613895,47,0.800048007681229,0.7938070091214594,0.799327892462794,0.7977276364218274,0.0027878462778339465
35,3.363738695780436,0.08145442126062867,0.4293542702992757,0.02481988912535171,8,300,"{'max_depth': 8, 'n_estimators': 300}",0.79001373854353,0.7808210841940463,0.7716422974719842,0.7808257067365202,0.007500110123069029,43,0.8786991755227436,0.8765797115079411,0.8814793095682485,0.878919398866311,0.002006304900213488,0.7119539126260201,0.7114738358137302,0.7023523763802209,0.7085933749399903,0.004417402381770605,50,0.8012481997119539,0.7918867018722996,0.7995679308689391,0.7975676108177309,0.004075158130339846
43,0.1316660245259603,0.007579769220629711,0.02333656946818034,0.0009521393808092235,15,10,"{'max_depth': 15, 'n_estimators': 10}",0.7924368856842533,0.7820506082617379,0.7678513801834098,0.7807796247098003,0.01007714640742352,44,0.9927960815662671,0.9918875583102996,0.9917431440088351,0.9921422612951339,0.0004660647900777548,0.7220355256841094,0.7095535285645703,0.7090734517522803,0.7135541686669867,0.006000426711234663,37,0.957033125300048,0.9529524723955833,0.9519923187710033,0.9539926388222115,0.0021853897077528804
34,2.275872786839803,0.07830562673380405,0.2696691354115804,0.030622867556568147,8,200,"{'max_depth': 8, 'n_estimators': 200}",0.7899293709775574,0.7812493661058894,0.7704261428073533,0.7805349599636001,0.007978168518604016,45,0.8782838020000627,0.8763146253999055,0.8800678989252027,0.8782221087750569,0.0015328883584990614,0.7109937590014402,0.7177148343734998,0.699471915506481,0.7093935029604737,0.0075331107671242495,49,0.800048007681229,0.7935669707153145,0.7983677388382141,0.7973275724115858,0.0027461997602385066
71,0.141037384668986,0.014934002648621462,0.024955908457438152,0.0038092369813451815,30,10,"{'max_depth': 30, 'n_estimators': 10}",0.79856252420381,0.7761035289691913,0.7668804849128592,0.7805155126952869,0.01330506429166069,46,0.998202276302226,0.9987094916731843,0.9982432858875302,0.9983850179543134,0.00023004759246744643,0.7268362938070091,0.7095535285645703,0.7033125300048008,0.7132341174587934,0.009949938586468105,38,0.9793566970715314,0.9829572731637062,0.9767162746039366,0.9796767482797247,0.0025579080433902686
57,0.13564308484395346,0.00871144618795394,0.026329676310221355,0.004369735654176649,25,10,"{'max_depth': 25, 'n_estimators': 10}",0.7968701016098991,0.7763446392381836,0.7682358657748813,0.7804835355409881,0.012050662842568179,47,0.9981978966701889,0.9987048814800011,0.9981703295804055,0.9983577025768652,0.00024575038717744514,0.7234757561209794,0.7090734517522803,0.7009121459433509,0.7111537846055369,0.009328271174133257,42,0.9795967354776765,0.9829572731637062,0.9759961593855017,0.9795167226756281,0.002842425935082674
33,1.0793464183807373,0.06449614162243503,0.16959746678670248,0.03535748211785637,8,100,"{'max_depth': 8, 'n_estimators': 100}",0.7892903903959283,0.78013832261015,0.7698212925723285,0.779750001859469,0.007952967465891048,48,0.8776371147537356,0.8758652468193701,0.8802776627150395,0.8779266747627151,0.0018129602419228047,0.7109937590014402,0.7186749879980797,0.7004320691310609,0.7100336053768603,0.007478522288716892,48,0.7971675468074892,0.7950072011521844,0.799327892462794,0.7971675468074894,0.001763914841178452
32,0.8208800951639811,0.022741644313554757,0.11579958597819011,0.017936377132306874,8,75,"{'max_depth': 8, 'n_estimators': 75}",0.7895517915429583,0.7800336724551571,0.7681385918422668,0.7792413519467941,0.008759836725890976,49,0.8780898304022069,0.8755081873573289,0.8796849071265057,0.8777609749620138,0.0017209215424623405,0.7133941430628901,0.7196351416226596,0.701392222755641,0.7114738358137301,0.00757041201633211,40,0.800048007681229,0.7957273163706193,0.7990878540566491,0.7982877260361657,0.0018524302932933388
31,0.5821576913197836,0.012869451157657521,0.06723531087239583,0.00516248296507875,8,50,"{'max_depth': 8, 'n_estimators': 50}",0.7908721670016781,0.7776354781543953,0.7656707844428092,0.7780594765329608,0.01029278879243082,50,0.8768408284972975,0.8736471676240886,0.8779363761069362,0.8761414574094407,0.001819554394392664,0.7124339894383102,0.7191550648103696,0.7018722995679308,0.7111537846055369,0.007113493605662619,42,0.7954872779644743,0.7933269323091695,0.7978876620259241,0.7955672907665227,0.0018627695194147187
30,0.26066335042317706,0.03214975423204049,0.049011786778767906,0.011505893672579719,8,25,"{'max_depth': 8, 'n_estimators': 25}",0.7882019104873955,0.7748491101509728,0.7625271306679354,0.7751927171021012,0.010484500592051317,51,0.8731417682280285,0.8691175375667354,0.87349007529137,0.8719164603620446,0.001984238907519235,0.7090734517522803,0.7157945271243399,0.6937109937590015,0.7061929908785406,0.009242777454436624,51,0.7887662025924148,0.7820451272203552,0.7887662025924148,0.7865258441350615,0.003168345314966147
29,0.111328919728597,0.01604740739315363,0.031334877014160156,0.013961515012409992,8,10,"{'max_depth': 8, 'n_estimators': 10}",0.7796508197023623,0.7693068010614383,0.7528499879214359,0.7672692028950788,0.011035850692267826,52,0.865357087535475,0.8614498642643871,0.8618527951486016,0.8628865823161546,0.0017546386813967721,0.7076332213154105,0.6956313010081613,0.6841094575132021,0.695791326612258,0.009604202968874197,52,0.7806048967834853,0.7815650504080653,0.7786845895343255,0.7802848455752921,0.0011975219672824336
25,12.482565959294638,0.4589805188099166,1.0544164180755615,0.20968500843426588,5,800,"{'max_depth': 5, 'n_estimators': 800}",0.7622563483135707,0.7491415921207192,0.7440091243870819,0.7518023549404572,0.007683316963526965,53,0.7804321037170628,0.789023498846184,0.7902851934656043,0.7865802653429504,0.004377814284297252,0.6941910705712914,0.6749879980796928,0.6591454632741238,0.6761081773083694,0.014329218374475037,55,0.6987518002880461,0.7073931829092654,0.7066730676908305,0.7042726836293807,0.003914907928540582
24,6.091407934824626,0.46337327714565274,1.062792460123698,0.37878677363005414,5,600,"{'max_depth': 5, 'n_estimators': 600}",0.7621268003024324,0.748999599839936,0.7441243778617438,0.7517502593347042,0.007602473245612047,54,0.7800757399734086,0.7891540825680988,0.7904897707881102,0.7865731977765392,0.004626642712440369,0.6932309169467115,0.6749879980796928,0.6591454632741238,0.675788126100176,0.013926825234139602,57,0.699711953912626,0.7083533365338455,0.7061929908785406,0.7047527604416707,0.0036718815508349815
26,10.21786085764567,2.018663346604181,1.0982242425282795,0.06649706855702081,5,1000,"{'max_depth': 5, 'n_estimators': 1000}",0.7622973795341805,0.7488778921706931,0.7440321750820145,0.7517358155956293,0.007725724050079114,55,0.7806178923182177,0.7889891529069687,0.7901755861226731,0.7865942104492865,0.004253562408667062,0.6922707633221316,0.6754680748919827,0.6591454632741238,0.6756281004960792,0.013523820514512166,59,0.6989918386941911,0.7083533365338455,0.7049927988478156,0.704112658025284,0.0038721567074933077
27,10.156118710835775,0.15382270735451375,1.3920722007751465,0.030753388650970853,5,1200,"{'max_depth': 5, 'n_estimators': 1200}",0.7622439006399027,0.7487506523346666,0.7438330170777989,0.7516091900174562,0.007783254959517508,56,0.780773830269435,0.7887178430381357,0.7901800810610267,0.7865572514561991,0.004132836433293,0.6951512241958714,0.6735477676428229,0.6591454632741238,0.6759481517042727,0.01479696112090492,56,0.6992318771003361,0.7083533365338455,0.7052328372539607,0.7042726836293808,0.0037852060081660795
23,4.955873012542725,0.10096568180358015,0.7652731736501058,0.22601025041969264,5,500,"{'max_depth': 5, 'n_estimators': 500}",0.7620087779150608,0.7490092811318075,0.7435780763918471,0.7515320451462385,0.007732871108190399,57,0.7798100807143135,0.7893743345474278,0.7903582650275587,0.7865142267630999,0.004757535109698966,0.6917906865098415,0.6735477676428229,0.6591454632741238,0.674827972475596,0.013358064813384035,60,0.6985117618819011,0.7078732597215555,0.7078732597215555,0.7047527604416707,0.004413052402988534
22,4.335221529006958,0.33476884797282896,0.5896553993225098,0.21178287558764008,5,400,"{'max_depth': 5, 'n_estimators': 400}",0.761991719991886,0.7489548814917673,0.743566551044381,0.7515043841760113,0.007735058096689893,58,0.7799790423081675,0.7890044817993032,0.7905070590125474,0.786496861040006,0.004649437624506779,0.6903504560729716,0.6745079212674028,0.6586653864618339,0.6745079212674027,0.012935375501975465,62,0.6985117618819011,0.7085933749399904,0.7064330292846855,0.7045127220355257,0.004334006261466103
20,1.9738417466481526,0.08627585110559244,0.2795854409535726,0.01801890292490476,5,200,"{'max_depth': 5, 'n_estimators': 200}",0.7629644826378004,0.748255062393621,0.7432424582736321,0.7514873344350178,0.008369597687161476,59,0.7798968665807336,0.7882540576039028,0.7898546014222907,0.7860018418689757,0.004366041500885332,0.6927508401344215,0.6735477676428229,0.6577052328372539,0.6746679468714994,0.014329218374475037,61,0.6987518002880461,0.7085933749399904,0.7037926068170908,0.7037125940150424,0.004018204362134669
21,2.6028295358022056,0.06695725487146754,0.40710655848185223,0.0007016575835090496,5,300,"{'max_depth': 5, 'n_estimators': 300}",0.7623305733306286,0.7482264795319049,0.7433291288865777,0.7512953939163703,0.008055118429275178,60,0.7800455435630473,0.7893557785198652,0.790254535680936,0.7865519525879495,0.004615333856334416,0.6932309169467115,0.6697071531445031,0.6581853096495439,0.6737077932469195,0.014584294946473926,63,0.7004320691310609,0.7093134901584254,0.7042726836293807,0.7046727476396223,0.0036368437117502315
19,1.0864747365315754,0.18313205194490104,0.16733646392822266,0.0054420872145993174,5,100,"{'max_depth': 5, 'n_estimators': 100}",0.7624435244435429,0.7479826031795207,0.7422024109182843,0.7508761795137827,0.008512941410474295,61,0.778365147902479,0.7877468210989179,0.7893081782752485,0.7851400490922152,0.00483279930309792,0.6917906865098415,0.6802688430148823,0.6586653864618339,0.6769083053288526,0.013730532545439331,53,0.6970715314450312,0.7049927988478156,0.7033125300048008,0.7017922867658825,0.0034078315632976182
17,0.4289869467417399,0.02223671453254241,0.06400585174560547,0.007786034901343034,5,50,"{'max_depth': 5, 'n_estimators': 50}",0.7597783392037178,0.7466502730124308,0.742812793320093,0.7497471351787471,0.007264083022663246,62,0.7781092851887298,0.7887565686608748,0.7882625864612918,0.7850428134369656,0.0049068907385558524,0.6841094575132021,0.6793086893903024,0.6663466154584734,0.6765882541206594,0.007502453621207222,54,0.6965914546327412,0.7040326452232357,0.7071531445031205,0.7025924147863658,0.004430426692241062
18,0.6221005121866862,0.00697746768453582,0.07819358507792155,0.0014021837687956055,5,75,"{'max_depth': 5, 'n_estimators': 75}",0.7610987146624376,0.7466359815815726,0.7414237584434695,0.7497194848958265,0.008322938986974058,63,0.7781168919180576,0.7866849783539905,0.7891736758891277,0.7846585153870587,0.004735893584318825,0.6879500720115218,0.6788286125780125,0.6601056168987038,0.6756281004960795,0.011590538622007856,58,0.6953912626020163,0.7037926068170908,0.7030724915986558,0.7007521203392543,0.0038020817316424234
16,0.2059959570566813,0.013638207192302099,0.03233559926350912,0.00188458244308095,5,25,"{'max_depth': 5, 'n_estimators': 25}",0.7578452615855571,0.7510229898410976,0.7384474527138044,0.7491052347134864,0.008034388000064523,64,0.7770329329888638,0.787092519431388,0.7856139152226966,0.7832464558809829,0.004434897041244246,0.6793086893903024,0.6745079212674028,0.6586653864618339,0.6708273323731797,0.008820300066903911,65,0.6908305328852616,0.7021123379740759,0.7016322611617859,0.6981917106737079,0.005208827267966026
15,0.09332950909932454,0.012685538925762222,0.022669076919555664,0.00518709693993275,5,10,"{'max_depth': 5, 'n_estimators': 10}",0.7556171279989672,0.7486031278870995,0.7304442514332922,0.744888169106453,0.01060720251225882,65,0.7732768222496371,0.7797430647135122,0.7821643381733446,0.7783947417121646,0.003751485573343869,0.6802688430148823,0.6845895343254921,0.6495439270283245,0.6714674347895663,0.015602291237044132,64,0.7011521843494959,0.701392222755641,0.6961113778204513,0.6995519283085295,0.0024348094182593863
6,1.2442816893259685,0.022995073650831217,0.2382055918375651,0.029766152839171306,3,200,"{'max_depth': 3, 'n_estimators': 200}",0.7429122024083943,0.7178733244449854,0.7202175801196055,0.7270010356576617,0.011291524969173712,66,0.7347583042433563,0.743977301252843,0.7445116226427795,0.7410824093796595,0.004477134810582854,0.6735477676428229,0.6533845415266443,0.6533845415266443,0.6601056168987038,0.009505035944898389,68,0.6622659625540086,0.6735477676428229,0.6766682669227077,0.6708273323731797,0.006186391992343667
7,2.513658126195272,0.06141147695118198,0.3963351249694824,0.01650005775638571,3,300,"{'max_depth': 3, 'n_estimators': 300}",0.7426249838641268,0.7176142346339457,0.7202226512724906,0.7268206232568545,0.011225991270071659,67,0.7350530073780664,0.7447708307545066,0.7449093670596626,0.7415777350640785,0.004614025835025278,0.670667306769083,0.6553048487758041,0.6529044647143543,0.6596255400864138,0.0078689651804412,71,0.6605856937109937,0.6730676908305329,0.6773883821411426,0.6703472555608897,0.007124285258298003
4,0.7117838064829508,0.17687453540356193,0.09189407030741374,0.029799086559316387,3,75,"{'max_depth': 3, 'n_estimators': 75}",0.7416508381433604,0.7167991620611378,0.7209819411635622,0.7264773137893535,0.010864338950473118,68,0.732437675531042,0.7417433168910793,0.7445383617632422,0.7395731180617879,0.005172940752385327,0.672587614018243,0.6543446951512242,0.6519443110897744,0.6596255400864138,0.009217808176613673,71,0.6593855016802689,0.6689870379260682,0.6761881901104176,0.6681869099055849,0.0068829614874720705
5,0.7873924573262533,0.1383181328839099,0.09801626205444336,0.003146099738692183,3,100,"{'max_depth': 3, 'n_estimators': 100}",0.7418970254670183,0.7173505346839196,0.7198639824593431,0.726370514203427,0.011026748355514588,69,0.732349391369451,0.7420244234204267,0.7434686816899032,0.739280832159927,0.004936606395838044,0.6682669227076332,0.6529044647143543,0.6524243879020644,0.6578652584413506,0.007357698148550261,78,0.6596255400864138,0.6697071531445031,0.6759481517042727,0.6684269483117299,0.006724884426132405
10,4.860700845718384,0.39106605415986656,0.7340827782948812,0.1733587185119123,3,600,"{'max_depth': 3, 'n_estimators': 600}",0.7412654212845999,0.7170149165657047,0.720478052972341,0.7262527969408819,0.010709263768872856,70,0.7342280230064375,0.7442097702441074,0.7446197316729262,0.7410191749744902,0.004804985319656431,0.671147383581373,0.6543446951512242,0.6538646183389343,0.6597855656905105,0.00803640872426931,70,0.6593855016802689,0.6735477676428229,0.6776284205472876,0.6701872299567931,0.007817541487005412
8,3.013892571131388,0.3465270151697976,0.3856707413991292,0.01621842975122551,3,400,"{'max_depth': 3, 'n_estimators': 400}",0.7417836133291533,0.7168388092564215,0.7199156160159916,0.7261793462005222,0.011105150439479076,71,0.7344495401847374,0.7440692746068485,0.7450187438929347,0.7411791862281736,0.004774339387723824,0.671627460393663,0.6543446951512242,0.6519443110897744,0.6593054888782205,0.008767884481870832,75,0.6601056168987038,0.6737878060489678,0.6773883821411426,0.6704272683629382,0.007445061171037344
11,6.705971320470174,0.060583248878141614,0.867530345916748,0.0628194575922898,3,800,"{'max_depth': 3, 'n_estimators': 800}",0.7415849115754144,0.7171149565817111,0.7198377046671203,0.7261791909414153,0.010950053591155617,72,0.7341093119275359,0.744101545959131,0.7446169655570163,0.740942607814561,0.004836449376019371,0.671147383581373,0.6538646183389343,0.6538646183389343,0.6596255400864138,0.008147173667055746,71,0.6610657705232837,0.6733077292366779,0.6785885741718675,0.6709873579772764,0.007339402973575678
9,3.8889848391215005,0.5029376606498679,0.6319723924001058,0.12007967085587451,3,500,"{'max_depth': 3, 'n_estimators': 500}",0.741105906651668,0.7173284060167846,0.7198547621813701,0.7260963582832742,0.010663349240426239,73,0.7340282887348488,0.744169776818243,0.7447194271005135,0.7409724975512018,0.004915421712802527,0.6701872299567931,0.6548247719635142,0.6538646183389343,0.6596255400864138,0.007478522288716873,71,0.6598655784925588,0.6737878060489678,0.6766682669227077,0.6701072171547447,0.007336785652966987
13,9.476995547612509,0.3262258421187122,1.26832914352417,0.16170020943776897,3,1200,"{'max_depth': 3, 'n_estimators': 1200}",0.7414678112379443,0.7165792584314832,0.7198727417234174,0.7259732704642815,0.011038488827388856,74,0.7340385462940937,0.7438529412917254,0.7442093092247892,0.7407002656035361,0.004712793060332511,0.6730676908305329,0.6538646183389343,0.6533845415266443,0.6601056168987038,0.009167665602433967,68,0.6605856937109937,0.6737878060489678,0.6778684589534325,0.6707473195711314,0.007375947944625703
12,7.859713077545166,0.3101248868543973,1.192997932434082,0.08568933694969233,3,1000,"{'max_depth': 3, 'n_estimators': 1000}",0.7414853301860697,0.7164211306642472,0.7195832249950671,0.7258298952817946,0.01114507938272148,75,0.7341508031784142,0.7439958572804055,0.7442533365696888,0.740799999009503,0.004702866345554772,0.671627460393663,0.6538646183389343,0.6524243879020644,0.6593054888782205,0.008732765978327537,75,0.6622659625540086,0.6733077292366779,0.6773883821411426,0.6709873579772765,0.0063880088514041205
3,0.29686252276102704,0.00812659253023909,0.04792459805806478,0.0037861256429971013,3,50,"{'max_depth': 3, 'n_estimators': 50}",0.7405522156859129,0.7149274456326309,0.7175377063267703,0.724339122548438,0.01151380785654536,76,0.7328090222264021,0.7409788316064702,0.7420662609235646,0.7386180382521456,0.004131515139383136,0.6701872299567931,0.6500240038406145,0.6514642342774843,0.657225156024964,0.009184410211094117,80,0.6596255400864138,0.6697071531445031,0.6778684589534325,0.6690670507281166,0.0074613814862376305
2,0.15427915255228677,0.005335815862390653,0.04117933909098307,0.0074465219615983584,3,25,"{'max_depth': 3, 'n_estimators': 25}",0.7407762738119387,0.7162874366336397,0.7135826680902777,0.7235487928452854,0.01223161255546713,77,0.7325531595126529,0.7425185208748395,0.7392979551718646,0.7381232118531189,0.004152278343949143,0.670667306769083,0.6514642342774843,0.6509841574651944,0.6577052328372539,0.009167665602433992,79,0.6601056168987038,0.6680268843014883,0.6781084973595776,0.6687469995199232,0.007367263203659527
1,0.07153360048929851,0.008390868016317207,0.02707783381144206,0.004990596625612936,3,10,"{'max_depth': 3, 'n_estimators': 10}",0.7385758017223892,0.7105625660402409,0.7071870222743475,0.7187751300123258,0.014068843213667637,78,0.7277972248807356,0.7353187821805891,0.7368092576367273,0.7333084215660174,0.003944223282154371,0.6610657705232837,0.643302928468555,0.6533845415266443,0.652584413506161,0.007273687423500416,83,0.6589054248679789,0.6632261161785886,0.6776284205472876,0.6665866538646184,0.008004480077068193
14,0.019325097401936848,0.008960364775103254,0.010002851486206055,0.0008165348924815489,5,1,"{'max_depth': 5, 'n_estimators': 1}",0.7176604827853283,0.7109996072161584,0.7034896908071984,0.7107165936028951,0.005788661840231445,79,0.7368228397349724,0.7341220912850522,0.7424236661500945,0.7377895323900397,0.0034573503657180445,0.6653864618338934,0.6495439270283245,0.6466634661545847,0.6538646183389342,0.008231602592166216,82,0.6757081132981277,0.672107537205953,0.6761881901104176,0.6746679468714994,0.001821060437948639
28,0.019327799479166668,0.004713928465353754,0.013671398162841797,0.003769445695477464,8,1,"{'max_depth': 8, 'n_estimators': 1}",0.6953579397717004,0.706423583258188,0.6936825421412804,0.6984880217237229,0.00565282182958006,80,0.7807349898484738,0.7908371488444665,0.799319097517803,0.7902970787369145,0.007596535230270366,0.6557849255880941,0.6495439270283245,0.6577052328372539,0.6543446951512242,0.003484004009773905,81,0.7042726836293807,0.7131541046567451,0.7311569851176188,0.7161945911345815,0.011184061133120083
0,0.015087445576985678,0.000764263076127887,0.009209235509236654,0.006678359759651479,3,1,"{'max_depth': 3, 'n_estimators': 1}",0.6987432459844727,0.6729507471191242,0.6460072508265978,0.6725670813100648,0.021531089087064022,81,0.6826843640682079,0.6888783469138098,0.6741612272149846,0.6819079793990008,0.006033267932794068,0.6581853096495439,0.6457033125300048,0.628900624099856,0.6442630820931349,0.011998719368318419,84,0.6500240038406145,0.6541046567450792,0.6392222755640903,0.6477836453832614,0.006278838635561992
42,0.018330812454223633,0.00047153903155141864,0.010337034861246744,0.00047125800235667525,15,1,"{'max_depth': 15, 'n_estimators': 1}",0.6857635495233002,0.6540445671356099,0.6523065447377108,0.6640382204655403,0.015378504965586662,82,0.8617857281161313,0.872830587156509,0.8656121771798666,0.8667428308175023,0.004579374851198008,0.6793086893903024,0.6509841574651944,0.6466634661545847,0.6589854376700272,0.014478559175890566,77,0.8377340374459914,0.842534805568891,0.8372539606337014,0.8391742678828612,0.002384327800568308
70,0.017514467239379883,0.003789338867168121,0.010093291600545248,4.010033865465439e-06,30,1,"{'max_depth': 30, 'n_estimators': 1}",0.6885214007782101,0.6424698911822793,0.6571674752850449,0.6627195890818448,0.019205986214814886,83,0.8695653376557997,0.8758360873474862,0.8769153335716804,0.8741055861916553,0.003240533462113347,0.6874699951992319,0.6423427748439751,0.656745079212674,0.6621859497519603,0.01882053503343148,66,0.8689390302448392,0.8756601056168987,0.8763802208353336,0.8736597855656906,0.003350998814429786
56,0.023492177327473957,0.010756246163148683,0.00996836026509603,0.00019649908442280747,25,1,"{'max_depth': 25, 'n_estimators': 1}",0.6885214007782101,0.6424698911822793,0.6571674752850449,0.6627195890818448,0.019205986214814886,83,0.8695653376557997,0.8758360873474862,0.8769153335716804,0.8741055861916553,0.003240533462113347,0.6874699951992319,0.6423427748439751,0.656745079212674,0.6621859497519603,0.01882053503343148,66,0.8689390302448392,0.8756601056168987,0.8763802208353336,0.8736597855656906,0.003350998814429786
